{
  "firestore": {
    "rules": "firestore.rules",
    "indexes": "firestore.indexes.json"
  },
  "hosting": {
    "public": "public",
    "ignore": [
      "firebase.json",
      "**/.*",
      "**/node_modules/**"
    ]
  },
  "storage": {
    "rules": "storage.rules"
  },
  "emulators": {
    "auth": {
      "port": 9099
    },
    "firestore": {
      "port": 8080
    },
    "database": {
      "port": 9000
    },
    "hosting": {
      "port": 5000
    },
    "storage": {
      "port": 9199
    },
    "ui": {
      "enabled": true
    },
    "singleProjectMode": true
  }
}
